Workbook

Sheet Assumptions
A1: CrediTrust Capital - Cost Assumptions & Confusion Cost Matrix
A2: Blue cells on yellow are inputs: edit them and every other sheet recalculates.
A4: Parameter | B4: Value | C4: Source / note
A5: Type I cost (reject a GOOD applicant) | B5: 1 | C5: Unit cost; brief fixes ratio 1 : 5
A6: Type II cost (approve a DEFAULTER) | B6: 5 | C6: 5x Type I, as required by the project brief
A7: Loss Given Default (LGD) | B7: 0.6 | C7: ASSUMPTION - justify in report (not from dataset)
A9: Theoretical optimal threshold = c_fp / (c_fp + c_fn) | B9: =B5/(B5+B6) | C9: Reject when P(default) >= this value
A11: Confusion cost matrix
B12: Decision: APPROVE | C12: Decision: REJECT
A13: Actual GOOD (0) | B13: 0 | C13: =B5
A14: Actual DEFAULT (1) | B14: =B6 | C14: 0

Sheet Threshold Sweep
A1: Threshold | B1: TP | C1: FP (Type I) | D1: FN (Type II) | E1: TN | F1: Precision (default) | G1: Recall (default) | H1: Approval rate | I1: Total cost | J1: Cost / applicant | K1: Cost-weighted F1
A2: 0.05 | B2: 230 | C2: 429 | D2: 10 | E2: 131 | F2: =IFERROR(B2/(B2+C2),0) | G2: =IFERROR(B2/(B2+D2),0) | H2: =(E2+D2)/(B2+C2+D2+E2) | I2: =C2*Assumptions!$B$5+D2*Assumptions!$B$6 | J2: =I2/(B2+C2+D2+E2) | K2: =IFERROR(2*B2/(2*B2+C2*Assumptions!$B$5+D2*Assumptions!$B$6),0)
A3: 0.06 | B3: 228 | C3: 401 | D3: 12 | E3: 159 | F3: =IFERROR(B3/(B3+C3),0) | G3: =IFERROR(B3/(B3+D3),0) | H3: =(E3+D3)/(B3+C3+D3+E3) | I3: =C3*Assumptions!$B$5+D3*Assumptions!$B$6 | J3: =I3/(B3+C3+D3+E3) | K3: =IFERROR(2*B3/(2*B3+C3*Assumptions!$B$5+D3*Assumptions!$B$6),0)
A4: 0.07 | B4: 226 | C4: 369 | D4: 14 | E4: 191 | F4: =IFERROR(B4/(B4+C4),0) | G4: =IFERROR(B4/(B4+D4),0) | H4: =(E4+D4)/(B4+C4+D4+E4) | I4: =C4*Assumptions!$B$5+D4*Assumptions!$B$6 | J4: =I4/(B4+C4+D4+E4) | K4: =IFERROR(2*B4/(2*B4+C4*Assumptions!$B$5+D4*Assumptions!$B$6),0)
A5: 0.08 | B5: 221 | C5: 349 | D5: 19 | E5: 211 | F5: =IFERROR(B5/(B5+C5),0) | G5: =IFERROR(B5/(B5+D5),0) | H5: =(E5+D5)/(B5+C5+D5+E5) | I5: =C5*Assumptions!$B$5+D5*Assumptions!$B$6 | J5: =I5/(B5+C5+D5+E5) | K5: =IFERROR(2*B5/(2*B5+C5*Assumptions!$B$5+D5*Assumptions!$B$6),0)
A6: 0.09 | B6: 220 | C6: 338 | D6: 20 | E6: 222 | F6: =IFERROR(B6/(B6+C6),0) | G6: =IFERROR(B6/(B6+D6),0) | H6: =(E6+D6)/(B6+C6+D6+E6) | I6: =C6*Assumptions!$B$5+D6*Assumptions!$B$6 | J6: =I6/(B6+C6+D6+E6) | K6: =IFERROR(2*B6/(2*B6+C6*Assumptions!$B$5+D6*Assumptions!$B$6),0)
A7: 0.1 | B7: 218 | C7: 326 | D7: 22 | E7: 234 | F7: =IFERROR(B7/(B7+C7),0) | G7: =IFERROR(B7/(B7+D7),0) | H7: =(E7+D7)/(B7+C7+D7+E7) | I7: =C7*Assumptions!$B$5+D7*Assumptions!$B$6 | J7: =I7/(B7+C7+D7+E7) | K7: =IFERROR(2*B7/(2*B7+C7*Assumptions!$B$5+D7*Assumptions!$B$6),0)
A8: 0.11 | B8: 213 | C8: 306 | D8: 27 | E8: 254 | F8: =IFERROR(B8/(B8+C8),0) | G8: =IFERROR(B8/(B8+D8),0) | H8: =(E8+D8)/(B8+C8+D8+E8) | I8: =C8*Assumptions!$B$5+D8*Assumptions!$B$6 | J8: =I8/(B8+C8+D8+E8) | K8: =IFERROR(2*B8/(2*B8+C8*Assumptions!$B$5+D8*Assumptions!$B$6),0)
A9: 0.12 | B9: 211 | C9: 293 | D9: 29 | E9: 267 | F9: =IFERROR(B9/(B9+C9),0) | G9: =IFERROR(B9/(B9+D9),0) | H9: =(E9+D9)/(B9+C9+D9+E9) | I9: =C9*Assumptions!$B$5+D9*Assumptions!$B$6 | J9: =I9/(B9+C9+D9+E9) | K9: =IFERROR(2*B9/(2*B9+C9*Assumptions!$B$5+D9*Assumptions!$B$6),0)
A10: 0.13 | B10: 210 | C10: 283 | D10: 30 | E10: 277 | F10: =IFERROR(B10/(B10+C10),0) | G10: =IFERROR(B10/(B10+D10),0) | H10: =(E10+D10)/(B10+C10+D10+E10) | I10: =C10*Assumptions!$B$5+D10*Assumptions!$B$6 | J10: =I10/(B10+C10+D10+E10) | K10: =IFERROR(2*B10/(2*B10+C10*Assumptions!$B$5+D10*Assumptions!$B$6),0)
A11: 0.14 | B11: 207 | C11: 278 | D11: 33 | E11: 282 | F11: =IFERROR(B11/(B11+C11),0) | G11: =IFERROR(B11/(B11+D11),0) | H11: =(E11+D11)/(B11+C11+D11+E11) | I11: =C11*Assumptions!$B$5+D11*Assumptions!$B$6 | J11: =I11/(B11+C11+D11+E11) | K11: =IFERROR(2*B11/(2*B11+C11*Assumptions!$B$5+D11*Assumptions!$B$6),0)
A12: 0.15 | B12: 205 | C12: 267 | D12: 35 | E12: 293 | F12: =IFERROR(B12/(B12+C12),0) | G12: =IFERROR(B12/(B12+D12),0) | H12: =(E12+D12)/(B12+C12+D12+E12) | I12: =C12*Assumptions!$B$5+D12*Assumptions!$B$6 | J12: =I12/(B12+C12+D12+E12) | K12: =IFERROR(2*B12/(2*B12+C12*Assumptions!$B$5+D12*Assumptions!$B$6),0)
A13: 0.16 | B13: 202 | C13: 259 | D13: 38 | E13: 301 | F13: =IFERROR(B13/(B13+C13),0) | G13: =IFERROR(B13/(B13+D13),0) | H13: =(E13+D13)/(B13+C13+D13+E13) | I13: =C13*Assumptions!$B$5+D13*Assumptions!$B$6 | J13: =I13/(B13+C13+D13+E13) | K13: =IFERROR(2*B13/(2*B13+C13*Assumptions!$B$5+D13*Assumptions!$B$6),0)
... A92: 0.95 | B92: 0 | C92: 0 | D92: 240 | E92: 560 | F92: =IFERROR(B92/(B92+C92),0) | G92: =IFERROR(B92/(B92+D92),0) | H92: =(E92+D92)/(B92+C92+D92+E92) | I92: =C92*Assumptions!$B$5+D92*Assumptions!$B$6 | J92: =I92/(B92+C92+D92+E92) | K92: =IFERROR(2*B92/(2*B92+C92*Assumptions!$B$5+D92*Assumptions!$B$6),0)

Sheet Summary
A1: Decision Threshold - Summary
A2: Metric | B2: Value
A3: Cost-optimal threshold (from sweep) | B3: =INDEX('Threshold Sweep'!A2:A92,MATCH(MIN('Threshold Sweep'!I2:I92),'Threshold Sweep'!I2:I92,0))
A4: Total cost at optimal threshold | B4: =MIN('Threshold Sweep'!I2:I92)
A5: Theoretical threshold c_fp/(c_fp+c_fn) | B5: =Assumptions!B9
A6: Total cost at default 0.50 threshold | B6: =INDEX('Threshold Sweep'!I2:I92,MATCH(0.5,'Threshold Sweep'!A2:A92,0))
A7: Cost saved vs. default 0.50 threshold | B7: =B6-B4
A8: Recall (default) at optimal threshold | B8: =INDEX('Threshold Sweep'!G2:G92,MATCH(B3,'Threshold Sweep'!A2:A92,0))
A9: Approval rate at optimal threshold | B9: =INDEX('Threshold Sweep'!H2:H92,MATCH(B3,'Threshold Sweep'!A2:A92,0))
A10: Cost-weighted F1 at optimal threshold | B10: =INDEX('Threshold Sweep'!K2:K92,MATCH(B3,'Threshold Sweep'!A2:A92,0))
